Fitriani Maharani758 - fitriani.maharani758@gmail.com
Mirna Puspitasari902 - mirna.puspitasari902@gmail.com
Siti Syarif714 - siti.syarif714@gmail.com
Riko Wijaya729 - riko.wijaya729@gmail.com
Beni Dewanti997 - beni.dewanti997@gmail.com
Cahaya Wirawan568 - cahaya.wirawan568@gmail.com
Bimo Zahrani917 - bimo.zahrani917@gmail.com
Ilham Paramita877 - ilham.paramita877@gmail.com
Cahaya Prameswari306 - cahaya.prameswari306@gmail.com
Hendra Prameswari105 - hendra.prameswari105@gmail.com
Ayu Handayani241 - ayu.handayani241@gmail.com
Rizky Gunawan943 - rizky.gunawan943@gmail.com
Rizky Suryadi530 - rizky.suryadi530@gmail.com
Maya Hidayat124 - maya.hidayat124@gmail.com
Agus Putra889 - agus.putra889@gmail.com
Maya Permata314 - maya.permata314@gmail.com
Agus Hidayat870 - agus.hidayat870@gmail.com
Melati Permata070 - melati.permata070@gmail.com
Fajar Surya644 - fajar.surya644@gmail.com
Dian Puspita150 - dian.puspita150@gmail.com
Aditya Maharani524 - aditya.maharani524@gmail.com
Intan Kartika384 - intan.kartika384@gmail.com
Lestari Surya149 - lestari.surya149@gmail.com
Beni Kartika398 - beni.kartika398@gmail.com
Fajar Saputra995 - fajar.saputra995@gmail.com
Maya Kusuma797 - maya.kusuma797@gmail.com
Laras Wijaya456 - laras.wijaya456@gmail.com
Bimo Kamila379 - bimo.kamila379@gmail.com
Widya Amalia270 - widya.amalia270@gmail.com
Andika Santoso573 - andika.santoso573@gmail.com
Yudha Kamila703 - yudha.kamila703@gmail.com
Rizky Mahardika823 - rizky.mahardika823@gmail.com
Dian Mahardika823 - dian.mahardika823@gmail.com
Dimas Cahyani773 - dimas.cahyani773@gmail.com
Anggun Kusuma731 - anggun.kusuma731@gmail.com
Riko Firmansyah215 - riko.firmansyah215@gmail.com
Rendra Handayani252 - rendra.handayani252@gmail.com
Ratna Puspitasari077 - ratna.puspitasari077@gmail.com
Anggun Putra262 - anggun.putra262@gmail.com
Joko Rahayu742 - joko.rahayu742@gmail.com
Rendra Kartika884 - rendra.kartika884@gmail.com
Andika Paramita740 - andika.paramita740@gmail.com
Maya Setiani068 - maya.setiani068@gmail.com
Rizky Kuswoyo095 - rizky.kuswoyo095@gmail.com
Sri Permata129 - sri.permata129@gmail.com
Andika Sari978 - andika.sari978@gmail.com
Andika Ayu422 - andika.ayu422@gmail.com
Taufik Hidayat387 - taufik.hidayat387@gmail.com
Indah Amalia646 - indah.amalia646@gmail.com
Aditya Sari158 - aditya.sari158@gmail.com
Joko Cahyani129 - joko.cahyani129@gmail.com
Dian Kusuma351 - dian.kusuma351@gmail.com
Lestari Firmansyah259 - lestari.firmansyah259@gmail.com
Agus Sari917 - agus.sari917@gmail.com
Melati Anjani354 - melati.anjani354@gmail.com
Dewi Amalia875 - dewi.amalia875@gmail.com
Citra Sari331 - citra.sari331@gmail.com
Rangga Puspita888 - rangga.puspita888@gmail.com
Aditya Nugraha265 - aditya.nugraha265@gmail.com
Arif Wahyudi881 - arif.wahyudi881@gmail.com
Dewi Wirawan250 - dewi.wirawan250@gmail.com
Lestari Firmansyah796 - lestari.firmansyah796@gmail.com
Lestari Sari342 - lestari.sari342@gmail.com
Dewi Kuswoyo983 - dewi.kuswoyo983@gmail.com
Nia Santoso392 - nia.santoso392@gmail.com
Siti Kuswoyo941 - siti.kuswoyo941@gmail.com
Dimas Kamila719 - dimas.kamila719@gmail.com
Citra Saputra230 - citra.saputra230@gmail.com
Fitriani Cahyani445 - fitriani.cahyani445@gmail.com
Laras Mahardika908 - laras.mahardika908@gmail.com
Aditya Mahardika923 - aditya.mahardika923@gmail.com
Hendra Paramita989 - hendra.paramita989@gmail.com
Aditya Kusuma730 - aditya.kusuma730@gmail.com
Fitriani Maharani904 - fitriani.maharani904@gmail.com
Bayu Kamila504 - bayu.kamila504@gmail.com
Rizky Anjani877 - rizky.anjani877@gmail.com
Aditya Cahyani828 - aditya.cahyani828@gmail.com
Bimo Dewanti277 - bimo.dewanti277@gmail.com
Hendra Putri978 - hendra.putri978@gmail.com
Ilham Permata352 - ilham.permata352@gmail.com
Indah Hidayat926 - indah.hidayat926@gmail.com
Rizky Kamila801 - rizky.kamila801@gmail.com
Widya Dewanti980 - widya.dewanti980@gmail.com
Intan Mahardika694 - intan.mahardika694@gmail.com
Ratna Puspita427 - ratna.puspita427@gmail.com
Nia Surya946 - nia.surya946@gmail.com
Joko Kusuma828 - joko.kusuma828@gmail.com
Yudha Puspitasari872 - yudha.puspitasari872@gmail.com
Rendra Puspitasari686 - rendra.puspitasari686@gmail.com
Rangga Kamila992 - rangga.kamila992@gmail.com
Beni Gunawan097 - beni.gunawan097@gmail.com
Reza Firmansyah381 - reza.firmansyah381@gmail.com
Andika Kusuma579 - andika.kusuma579@gmail.com
Bimo Kamila635 - bimo.kamila635@gmail.com
Indah Puspitasari642 - indah.puspitasari642@gmail.com
Joko Handayani330 - joko.handayani330@gmail.com
Dian Prameswari341 - dian.prameswari341@gmail.com
Rangga Saputra799 - rangga.saputra799@gmail.com
Intan Rahman646 - intan.rahman646@gmail.com
Aditya Kurniawan063 - aditya.kurniawan063@gmail.com
Maya Putri424 - maya.putri424@gmail.com
Ratna Nugraha128 - ratna.nugraha128@gmail.com
Indah Prasetyo010 - indah.prasetyo010@gmail.com
Ilham Suryadi731 - ilham.suryadi731@gmail.com
Fitriani Kartika719 - fitriani.kartika719@gmail.com
Sri Hidayat381 - sri.hidayat381@gmail.com
Rangga Setiani841 - rangga.setiani841@gmail.com
Taufik Setiani019 - taufik.setiani019@gmail.com
Aditya Wicaksono235 - aditya.wicaksono235@gmail.com
Andika Nugraha526 - andika.nugraha526@gmail.com
Rendra Santoso455 - rendra.santoso455@gmail.com
Rangga Puspita616 - rangga.puspita616@gmail.com
Dimas Puspitasari942 - dimas.puspitasari942@gmail.com
Widya Permata629 - widya.permata629@gmail.com
Rizky Firmansyah969 - rizky.firmansyah969@gmail.com
Aditya Paramita628 - aditya.paramita628@gmail.com
Reza Rahman209 - reza.rahman209@gmail.com
Laras Prameswari942 - laras.prameswari942@gmail.com
Melati Nugraha756 - melati.nugraha756@gmail.com
Andika Putri780 - andika.putri780@gmail.com
Sri Kartika438 - sri.kartika438@gmail.com
Arif Rahayu215 - arif.rahayu215@gmail.com
Joko Amalia877 - joko.amalia877@gmail.com
Melati Anjani593 - melati.anjani593@gmail.com
Maya Paramita697 - maya.paramita697@gmail.com
Ratna Ayu755 - ratna.ayu755@gmail.com
Arif Surya331 - arif.surya331@gmail.com
Taufik Firmansyah538 - taufik.firmansyah538@gmail.com
Dedi Zahrani097 - dedi.zahrani097@gmail.com
Ratna Puspitasari209 - ratna.puspitasari209@gmail.com
Lestari Zahrani475 - lestari.zahrani475@gmail.com
Citra Dewanti027 - citra.dewanti027@gmail.com
Arif Firmansyah163 - arif.firmansyah163@gmail.com
Reza Cahyani859 - reza.cahyani859@gmail.com
Aditya Sari068 - aditya.sari068@gmail.com
Maya Maharani778 - maya.maharani778@gmail.com
Maya Wirawan010 - maya.wirawan010@gmail.com
Bayu Puspita475 - bayu.puspita475@gmail.com
Dian Handayani588 - dian.handayani588@gmail.com
Ratna Mahardika458 - ratna.mahardika458@gmail.com
Bayu Firmansyah511 - bayu.firmansyah511@gmail.com
Dedi Setiani704 - dedi.setiani704@gmail.com
Mirna Kuswoyo937 - mirna.kuswoyo937@gmail.com
Intan Dewanti276 - intan.dewanti276@gmail.com
Ilham Rahman644 - ilham.rahman644@gmail.com
Ratna Puspitasari512 - ratna.puspitasari512@gmail.com
Joko Permata438 - joko.permata438@gmail.com
Agus Wahyudi565 - agus.wahyudi565@gmail.com
Lestari Handayani588 - lestari.handayani588@gmail.com
Reza Sari505 - reza.sari505@gmail.com
Mirna Hidayat312 - mirna.hidayat312@gmail.com
Dewi Sari336 - dewi.sari336@gmail.com
Agus Wirawan081 - agus.wirawan081@gmail.com
Bimo Ayu518 - bimo.ayu518@gmail.com
Agus Anjani945 - agus.anjani945@gmail.com
Intan Rahman828 - intan.rahman828@gmail.com
Arif Zahrani219 - arif.zahrani219@gmail.com
Arif Surya108 - arif.surya108@gmail.com
Dimas Gunawan997 - dimas.gunawan997@gmail.com
Intan Puspita968 - intan.puspita968@gmail.com
Ayu Putra548 - ayu.putra548@gmail.com
Andika Kamila901 - andika.kamila901@gmail.com
Ayu Handayani540 - ayu.handayani540@gmail.com
Rangga Putri385 - rangga.putri385@gmail.com
Dian Paramita470 - dian.paramita470@gmail.com
Ratna Puspita951 - ratna.puspita951@gmail.com
Taufik Prasetyo226 - taufik.prasetyo226@gmail.com
Dedi Kusuma209 - dedi.kusuma209@gmail.com
Dewi Wahyudi808 - dewi.wahyudi808@gmail.com
Joko Puspitasari765 - joko.puspitasari765@gmail.com
Bimo Gunawan389 - bimo.gunawan389@gmail.com
Sri Prameswari355 - sri.prameswari355@gmail.com
Citra Puspita520 - citra.puspita520@gmail.com
Indah Rahman710 - indah.rahman710@gmail.com
Cahaya Putra455 - cahaya.putra455@gmail.com
Yudha Wirawan257 - yudha.wirawan257@gmail.com
Ilham Handayani416 - ilham.handayani416@gmail.com
Mirna Putra783 - mirna.putra783@gmail.com
Riko Dewanti179 - riko.dewanti179@gmail.com
Agus Dewanti529 - agus.dewanti529@gmail.com
Arif Syarif096 - arif.syarif096@gmail.com
Ayu Nugraha549 - ayu.nugraha549@gmail.com
Hendra Saputra289 - hendra.saputra289@gmail.com
Arif Rahman491 - arif.rahman491@gmail.com
Indah Puspita123 - indah.puspita123@gmail.com
Maya Putri074 - maya.putri074@gmail.com
Rangga Kuswoyo697 - rangga.kuswoyo697@gmail.com
Riko Zahrani413 - riko.zahrani413@gmail.com
Sari Rahayu980 - sari.rahayu980@gmail.com
Maya Handayani921 - maya.handayani921@gmail.com
Hendra Kartika580 - hendra.kartika580@gmail.com
Widya Syarif734 - widya.syarif734@gmail.com
Ilham Firmansyah538 - ilham.firmansyah538@gmail.com
Fitriani Surya886 - fitriani.surya886@gmail.com
Sari Saputra178 - sari.saputra178@gmail.com
Fitriani Putri182 - fitriani.putri182@gmail.com
Siti Paramita792 - siti.paramita792@gmail.com
Dewi Wijaya717 - dewi.wijaya717@gmail.com
Citra Mahardika086 - citra.mahardika086@gmail.com
Fitriani Anjani078 - fitriani.anjani078@gmail.com
Indah Dewanti192 - indah.dewanti192@gmail.com
Mirna Maharani403 - mirna.maharani403@gmail.com
Widya Saputra252 - widya.saputra252@gmail.com
Laras Santoso627 - laras.santoso627@gmail.com
Bayu Suryadi291 - bayu.suryadi291@gmail.com
Mirna Wijaya961 - mirna.wijaya961@gmail.com
Beni Kartika987 - beni.kartika987@gmail.com
Intan Paramita398 - intan.paramita398@gmail.com
Beni Puspita818 - beni.puspita818@gmail.com
Arif Putri331 - arif.putri331@gmail.com
Dewi Kartika738 - dewi.kartika738@gmail.com
Cahaya Santoso511 - cahaya.santoso511@gmail.com
Fajar Gunawan581 - fajar.gunawan581@gmail.com
Dimas Puspita814 - dimas.puspita814@gmail.com
Intan Prameswari448 - intan.prameswari448@gmail.com
Rangga Cahyani328 - rangga.cahyani328@gmail.com
Andika Paramita753 - andika.paramita753@gmail.com
Hendra Wijaya450 - hendra.wijaya450@gmail.com
Intan Kusuma778 - intan.kusuma778@gmail.com
Rangga Ayu544 - rangga.ayu544@gmail.com
Sari Kuswoyo889 - sari.kuswoyo889@gmail.com
Dedi Pratama828 - dedi.pratama828@gmail.com
Joko Dewanti624 - joko.dewanti624@gmail.com
Aditya Mahardika092 - aditya.mahardika092@gmail.com
Andika Sari007 - andika.sari007@gmail.com
Ilham Gunawan973 - ilham.gunawan973@gmail.com
Yudha Rahayu473 - yudha.rahayu473@gmail.com
Melati Pratama027 - melati.pratama027@gmail.com
Intan Kartika833 - intan.kartika833@gmail.com
Dian Kuswoyo760 - dian.kuswoyo760@gmail.com
Sari Ayu334 - sari.ayu334@gmail.com
Nia Maharani835 - nia.maharani835@gmail.com
Dedi Kusuma555 - dedi.kusuma555@gmail.com
Mirna Kurniawan867 - mirna.kurniawan867@gmail.com
Arif Firmansyah617 - arif.firmansyah617@gmail.com
Sri Puspitasari171 - sri.puspitasari171@gmail.com
Dimas Saputra949 - dimas.saputra949@gmail.com
Agus Kuswoyo686 - agus.kuswoyo686@gmail.com
Siti Kurniawan051 - siti.kurniawan051@gmail.com
Riko Wirawan383 - riko.wirawan383@gmail.com
Indah Wahyudi207 - indah.wahyudi207@gmail.com
Yudha Paramita520 - yudha.paramita520@gmail.com
Ilham Paramita230 - ilham.paramita230@gmail.com
Aditya Kamila616 - aditya.kamila616@gmail.com
Reza Putra479 - reza.putra479@gmail.com
Arif Ayu815 - arif.ayu815@gmail.com
Melati Dewanti253 - melati.dewanti253@gmail.com
Dewi Puspitasari719 - dewi.puspitasari719@gmail.com
Dewi Setiani444 - dewi.setiani444@gmail.com
Widya Prameswari978 - widya.prameswari978@gmail.com
Siti Kuswoyo968 - siti.kuswoyo968@gmail.com
Dian Kartika959 - dian.kartika959@gmail.com
Indah Rahayu951 - indah.rahayu951@gmail.com
Cahaya Saputra402 - cahaya.saputra402@gmail.com
Rendra Kusuma686 - rendra.kusuma686@gmail.com
Reza Kuswoyo184 - reza.kuswoyo184@gmail.com
Sari Wirawan325 - sari.wirawan325@gmail.com
Fitriani Wicaksono390 - fitriani.wicaksono390@gmail.com
Maya Wahyudi061 - maya.wahyudi061@gmail.com
Rangga Setiani588 - rangga.setiani588@gmail.com
Dedi Ayu993 - dedi.ayu993@gmail.com
Aditya Amalia974 - aditya.amalia974@gmail.com
Dewi Cahyani885 - dewi.cahyani885@gmail.com
Siti Kamila870 - siti.kamila870@gmail.com
Sri Setiani814 - sri.setiani814@gmail.com
Ratna Firmansyah896 - ratna.firmansyah896@gmail.com
Sri Puspita005 - sri.puspita005@gmail.com
Citra Permata241 - citra.permata241@gmail.com
Nia Puspita621 - nia.puspita621@gmail.com
Dedi Setiani606 - dedi.setiani606@gmail.com
Riko Putra480 - riko.putra480@gmail.com
Cahaya Mahardika031 - cahaya.mahardika031@gmail.com
Dimas Sari214 - dimas.sari214@gmail.com
Rizky Sari869 - rizky.sari869@gmail.com
Beni Gunawan208 - beni.gunawan208@gmail.com
Dian Syarif786 - dian.syarif786@gmail.com
Rizky Santoso302 - rizky.santoso302@gmail.com
Citra Puspita695 - citra.puspita695@gmail.com
Nia Putri873 - nia.putri873@gmail.com
Dimas Prasetyo162 - dimas.prasetyo162@gmail.com
Lestari Gunawan675 - lestari.gunawan675@gmail.com
Dedi Wijaya776 - dedi.wijaya776@gmail.com
Bimo Mahardika424 - bimo.mahardika424@gmail.com
Lestari Kartika842 - lestari.kartika842@gmail.com
Andika Setiani087 - andika.setiani087@gmail.com
Sri Hidayat023 - sri.hidayat023@gmail.com
Rangga Anjani416 - rangga.anjani416@gmail.com
Indah Syarif859 - indah.syarif859@gmail.com
Reza Putra870 - reza.putra870@gmail.com
Sri Wirawan910 - sri.wirawan910@gmail.com
Indah Putri637 - indah.putri637@gmail.com
Sari Paramita453 - sari.paramita453@gmail.com
Ilham Dewanti518 - ilham.dewanti518@gmail.com
Bayu Rahayu139 - bayu.rahayu139@gmail.com
Yudha Putri827 - yudha.putri827@gmail.com
Sri Rahayu386 - sri.rahayu386@gmail.com
Ayu Kurniawan819 - ayu.kurniawan819@gmail.com
Indah Zahrani268 - indah.zahrani268@gmail.com
Sri Rahayu486 - sri.rahayu486@gmail.com
Rendra Zahrani999 - rendra.zahrani999@gmail.com
Bimo Zahrani402 - bimo.zahrani402@gmail.com
Joko Kuswoyo193 - joko.kuswoyo193@gmail.com
Intan Wicaksono791 - intan.wicaksono791@gmail.com
Maya Wijaya524 - maya.wijaya524@gmail.com
Widya Maharani812 - widya.maharani812@gmail.com
Rangga Kartika917 - rangga.kartika917@gmail.com
Citra Wirawan943 - citra.wirawan943@gmail.com
Dian Cahyani310 - dian.cahyani310@gmail.com
Dedi Wijaya362 - dedi.wijaya362@gmail.com
Siti Wahyudi899 - siti.wahyudi899@gmail.com
Siti Syarif541 - siti.syarif541@gmail.com
Hendra Wahyudi930 - hendra.wahyudi930@gmail.com
Ilham Hidayat934 - ilham.hidayat934@gmail.com
Widya Kamila739 - widya.kamila739@gmail.com
Fitriani Prameswari171 - fitriani.prameswari171@gmail.com
Bayu Syarif827 - bayu.syarif827@gmail.com
Siti Prasetyo098 - siti.prasetyo098@gmail.com
Bayu Zahrani043 - bayu.zahrani043@gmail.com
Fajar Kuswoyo430 - fajar.kuswoyo430@gmail.com
Indah Saputra385 - indah.saputra385@gmail.com
Joko Pratama342 - joko.pratama342@gmail.com
Siti Sari772 - siti.sari772@gmail.com
Sari Permata370 - sari.permata370@gmail.com
Dian Sari935 - dian.sari935@gmail.com
Hendra Puspitasari820 - hendra.puspitasari820@gmail.com
Bimo Kartika196 - bimo.kartika196@gmail.com
Indah Kuswoyo667 - indah.kuswoyo667@gmail.com
Aditya Wicaksono194 - aditya.wicaksono194@gmail.com
Andika Maharani327 - andika.maharani327@gmail.com
Siti Wirawan283 - siti.wirawan283@gmail.com
Agus Handayani407 - agus.handayani407@gmail.com
Rendra Putri093 - rendra.putri093@gmail.com
Lestari Kurniawan960 - lestari.kurniawan960@gmail.com
Maya Wicaksono296 - maya.wicaksono296@gmail.com
Beni Putra159 - beni.putra159@gmail.com
Bayu Puspita456 - bayu.puspita456@gmail.com
Andika Prasetyo868 - andika.prasetyo868@gmail.com
Dian Putra273 - dian.putra273@gmail.com
Nia Putri153 - nia.putri153@gmail.com
Yudha Kurniawan638 - yudha.kurniawan638@gmail.com
Lestari Kuswoyo490 - lestari.kuswoyo490@gmail.com
Laras Mahardika580 - laras.mahardika580@gmail.com
Ratna Kartika679 - ratna.kartika679@gmail.com
Bimo Rahman099 - bimo.rahman099@gmail.com
Aditya Prameswari479 - aditya.prameswari479@gmail.com
Mirna Firmansyah574 - mirna.firmansyah574@gmail.com
Intan Putra118 - intan.putra118@gmail.com
Rendra Setiani505 - rendra.setiani505@gmail.com
Cahaya Amalia065 - cahaya.amalia065@gmail.com
Ilham Rahman483 - ilham.rahman483@gmail.com
Dewi Ayu846 - dewi.ayu846@gmail.com
Dimas Anjani709 - dimas.anjani709@gmail.com
Fitriani Sari268 - fitriani.sari268@gmail.com
Yudha Wijaya034 - yudha.wijaya034@gmail.com
Fajar Kamila202 - fajar.kamila202@gmail.com
Melati Kuswoyo139 - melati.kuswoyo139@gmail.com
Riko Puspita526 - riko.puspita526@gmail.com
Ilham Putra335 - ilham.putra335@gmail.com
Bimo Wirawan439 - bimo.wirawan439@gmail.com
Sri Cahyani070 - sri.cahyani070@gmail.com
Fajar Pratama953 - fajar.pratama953@gmail.com
Dewi Ayu938 - dewi.ayu938@gmail.com
Laras Santoso157 - laras.santoso157@gmail.com
Aditya Maharani434 - aditya.maharani434@gmail.com
Dimas Cahyani466 - dimas.cahyani466@gmail.com
Citra Puspita064 - citra.puspita064@gmail.com
Bayu Syarif213 - bayu.syarif213@gmail.com
Rendra Kuswoyo960 - rendra.kuswoyo960@gmail.com
Rendra Rahman074 - rendra.rahman074@gmail.com
Sri Putra561 - sri.putra561@gmail.com
Anggun Handayani857 - anggun.handayani857@gmail.com
Mirna Prasetyo560 - mirna.prasetyo560@gmail.com
Laras Permata511 - laras.permata511@gmail.com
Dewi Paramita902 - dewi.paramita902@gmail.com
Dimas Paramita205 - dimas.paramita205@gmail.com
Reza Santoso751 - reza.santoso751@gmail.com
Anggun Rahayu183 - anggun.rahayu183@gmail.com
Intan Kurniawan156 - intan.kurniawan156@gmail.com
Hendra Maharani927 - hendra.maharani927@gmail.com
Rendra Hidayat515 - rendra.hidayat515@gmail.com
Agus Kartika381 - agus.kartika381@gmail.com